Temperature;Barometer;Humidity;Gas;TAG
33.52;128958;1;13105;Denia01
33.52;128958;1;13176;Denia01
33.52;128958;1;13090;Denia01
33.52;128958;1;13113;Denia01
33.52;128958;1;13183;Denia01
33.52;128958;1;13255;Denia01
33.52;128958;1;13097;Denia01
33.52;128958;1;13207;Denia01
33.52;128958;1;13136;Denia01
33.52;128958;1;13129;Denia01
33.52;128958;1;13097;Denia01
33.52;128958;1;13136;Denia01
33.52;128958;1;13082;Denia01
33.52;128958;1;13097;Denia01
33.52;128958;1;13231;Denia01
33.52;128958;1;13215;Denia01
33.52;128958;1;13176;Denia01
33.52;128958;1;13231;Denia01
33.52;128958;1;13191;Denia01
33.52;128958;1;13223;Denia01
33.52;128958;1;13207;Denia01
33.52;128958;1;13129;Denia01
33.52;128958;1;13160;Denia01
33.52;128958;1;13176;Denia01
33.52;128958;1;13067;Denia01
33.52;128958;1;13160;Denia01
33.52;128958;1;13286;Denia01
33.52;128958;1;13176;Denia01
33.52;128958;1;13199;Denia01
33.52;128958;1;13152;Denia01
33.52;128958;1;13247;Denia01
33.52;128958;1;13215;Denia01
33.52;128958;1;13160;Denia01
33.52;128958;1;13223;Denia01
33.52;128958;1;13239;Denia01
33.52;128958;1;13160;Denia01
33.52;128958;1;13168;Denia01
33.52;128958;1;13223;Denia01
33.52;128958;1;13105;Denia01
33.52;128958;1;13129;Denia01
33.52;128958;1;13199;Denia01
33.52;128958;1;13144;Denia01
33.52;128958;1;13247;Denia01
33.52;128958;1;13191;Denia01
33.52;128958;1;13286;Denia01
33.52;128958;1;13239;Denia01
33.52;128958;1;13255;Denia01
33.52;128958;1;13215;Denia01
33.52;128958;1;13223;Denia01
33.52;128958;1;13215;Denia01
33.52;128958;1;13199;Denia01
33.52;128958;1;13294;Denia01
33.52;128958;1;13215;Denia01
33.52;128958;1;13183;Denia01
33.52;128958;1;13294;Denia01
33.52;128958;1;13199;Denia01
33.52;128958;1;13176;Denia01
33.52;128958;1;13326;Denia01
33.52;128958;1;13270;Denia01
33.52;128958;1;13215;Denia01
33.52;128958;1;13294;Denia01
33.52;128958;1;13247;Denia01
33.52;128958;1;13302;Denia01
33.52;128958;1;13136;Denia01
33.52;128958;1;13152;Denia01
33.52;128958;1;13215;Denia01
33.52;128958;1;13199;Denia01
33.52;128958;1;13144;Denia01
33.52;128958;1;13160;Denia01
33.52;128958;1;13160;Denia01
33.52;128958;1;13168;Denia01
33.52;128958;1;13121;Denia01
33.52;128958;1;13129;Denia01
33.52;128958;1;13199;Denia01
33.52;128958;1;13074;Denia01
33.52;128958;1;13067;Denia01
33.52;128958;1;13160;Denia01
33.52;128958;1;13136;Denia01
33.52;128958;1;13199;Denia01
33.52;128958;1;13152;Denia01
33.52;128958;1;13074;Denia01
33.52;128958;1;13067;Denia01
33.52;128958;1;13067;Denia01
33.52;128958;1;13067;Denia01
33.52;128958;1;13028;Denia01
33.52;128958;1;13160;Denia01
33.52;128958;1;13074;Denia01
33.52;128958;1;13152;Denia01
33.52;128958;1;13090;Denia01
33.52;128958;1;13105;Denia01
33.52;128958;1;13168;Denia01
33.52;128958;1;13160;Denia01
33.52;128958;1;13043;Denia01
33.52;128958;1;13097;Denia01
33.52;128958;1;13113;Denia01
33.52;128958;1;13191;Denia01
33.52;128958;1;13059;Denia01
33.52;128958;1;13176;Denia01
33.52;128958;1;13105;Denia01
33.52;128958;1;13097;Denia01
33.52;128958;1;13067;Denia01
33.52;128958;1;13136;Denia01
33.52;128958;1;13036;Denia01
33.52;128958;1;13183;Denia01
33.52;128958;1;13074;Denia01
33.52;128958;1;13067;Denia01
33.52;128958;1;13074;Denia01
33.52;128958;1;13051;Denia01
33.52;128958;1;13121;Denia01
33.52;128958;1;13207;Denia01
33.52;128958;1;13013;Denia01
33.52;128958;1;13067;Denia01
33.52;128958;1;13067;Denia01
33.52;128958;1;12982;Denia01
33.52;128958;1;13105;Denia01
33.52;128958;1;13113;Denia01
33.52;128958;1;13005;Denia01
33.52;128958;1;13160;Denia01
33.52;128958;1;13067;Denia01
33.52;128958;1;13051;Denia01
33.52;128958;1;13036;Denia01
33.52;128958;1;13036;Denia01
33.52;128958;1;13043;Denia01
33.52;128958;1;13036;Denia01
33.52;128958;1;12929;Denia01
33.52;128958;1;12997;Denia01
33.52;128958;1;12937;Denia01
33.52;128958;1;13097;Denia01
33.52;128958;1;12967;Denia01
33.52;128958;1;13005;Denia01
33.52;128958;1;13028;Denia01
33.52;128958;1;13121;Denia01
33.52;128958;1;13105;Denia01
33.52;128958;1;12997;Denia01
33.52;128958;1;12944;Denia01
33.52;128958;1;13043;Denia01
33.52;128958;1;13043;Denia01
33.52;128958;1;12959;Denia01
33.52;128958;1;13005;Denia01
33.52;128958;1;12974;Denia01
33.52;128958;1;12891;Denia01
33.52;128958;1;13005;Denia01
33.52;128958;1;13090;Denia01
33.52;128958;1;12914;Denia01
33.52;128958;1;13090;Denia01
33.52;128958;1;13043;Denia01
33.52;128958;1;13082;Denia01
33.52;128958;1;13020;Denia01
33.52;128958;1;12974;Denia01
33.52;128958;1;12929;Denia01
33.52;128958;1;12952;Denia01
33.52;128958;1;13036;Denia01
33.52;128958;1;13059;Denia01
33.52;128958;1;13129;Denia01
33.52;128958;1;13059;Denia01
33.52;128958;1;13067;Denia01
33.52;128958;1;13005;Denia01
33.52;128958;1;12944;Denia01
33.52;128958;1;13160;Denia01
33.52;128958;1;12967;Denia01
33.52;128958;1;12982;Denia01
33.52;128958;1;13051;Denia01
33.52;128958;1;13051;Denia01
33.52;128958;1;12937;Denia01
33.52;128958;1;12967;Denia01
33.52;128958;1;13028;Denia01
33.52;128958;1;13013;Denia01
33.52;128958;1;12929;Denia01
33.52;128958;1;13028;Denia01
33.52;128958;1;13005;Denia01
33.52;128958;1;13097;Denia01
33.52;128958;1;13051;Denia01
33.52;128958;1;13005;Denia01
33.52;128958;1;12974;Denia01
33.52;128958;1;13097;Denia01
33.52;128958;1;13059;Denia01
33.52;128958;1;13059;Denia01
33.52;128958;1;12944;Denia01
33.52;128958;1;13067;Denia01
33.52;128958;1;13043;Denia01
33.52;128958;1;12974;Denia01
33.52;128958;1;13082;Denia01
33.52;128958;1;12982;Denia01
33.52;128958;1;13028;Denia01
33.52;128958;1;13036;Denia01
33.52;128958;1;12952;Denia01
33.52;128958;1;12944;Denia01
33.52;128958;1;13051;Denia01
33.52;128958;1;13082;Denia01
33.52;128958;1;12974;Denia01
33.52;128958;1;13028;Denia01
33.52;128958;1;13097;Denia01
33.52;128958;1;12952;Denia01
33.52;128958;1;13144;Denia01
33.52;128958;1;12974;Denia01
33.52;128958;1;13082;Denia01
33.52;128958;1;12959;Denia01
33.52;128958;1;13082;Denia01
33.52;128958;1;13013;Denia01
33.52;128958;1;12937;Denia01
33.52;128958;1;13059;Denia01
33.52;128958;1;13051;Denia01
33.52;128958;1;13067;Denia01
33.52;128958;1;13051;Denia01
33.52;128958;1;13067;Denia01
33.52;128958;1;13059;Denia01
33.52;128958;1;13082;Denia01
33.52;128958;1;13074;Denia01
33.52;128958;1;12952;Denia01
33.52;128958;1;13097;Denia01
33.52;128958;1;13028;Denia01
33.52;128958;1;13113;Denia01
33.52;128958;1;13144;Denia01
33.52;128958;1;13097;Denia01
33.52;128958;1;12952;Denia01
33.52;128958;1;13020;Denia01
33.52;128958;1;13074;Denia01
33.52;128958;1;13097;Denia01
33.52;128958;1;13067;Denia01
33.52;128958;1;12990;Denia01
33.52;128958;1;13051;Denia01
33.52;128958;1;13136;Denia01
33.52;128958;1;13090;Denia01
33.52;128958;1;13005;Denia01
33.52;128958;1;13105;Denia01
33.52;128958;1;13043;Denia01
33.52;128958;1;12974;Denia01
33.52;128958;1;13059;Denia01
33.52;128958;1;13043;Denia01
33.52;128958;1;13105;Denia01
33.52;128958;1;13067;Denia01
33.52;128958;1;13067;Denia01
33.52;128958;1;13160;Denia01
33.52;128958;1;13036;Denia01
33.52;128958;1;13129;Denia01
33.52;128958;1;13129;Denia01
33.52;128958;1;13090;Denia01
33.52;128958;1;13090;Denia01
33.52;128958;1;13105;Denia01
33.52;128958;1;13097;Denia01
33.52;128958;1;13176;Denia01
33.52;128958;1;13183;Denia01
33.52;128958;1;13082;Denia01
33.52;128958;1;13136;Denia01
33.52;128958;1;13176;Denia01
33.52;128958;1;13144;Denia01
33.52;128958;1;13020;Denia01
33.52;128958;1;13105;Denia01
33.52;128958;1;13144;Denia01
33.52;128958;1;13028;Denia01
33.52;128958;1;13160;Denia01
33.52;128958;1;13168;Denia01
33.52;128958;1;13067;Denia01
33.52;128958;1;13152;Denia01
33.52;128958;1;13074;Denia01
33.52;128958;1;13082;Denia01
33.52;128958;1;13144;Denia01
33.52;128958;1;13160;Denia01
33.52;128958;1;13113;Denia01
33.52;128958;1;13183;Denia01
33.52;128958;1;13074;Denia01
33.52;128958;1;13121;Denia01
33.52;128958;1;13074;Denia01
33.52;128958;1;13113;Denia01
33.52;128958;1;13082;Denia01
33.52;128958;1;13191;Denia01
33.52;128958;1;13059;Denia01
33.52;128958;1;13097;Denia01
33.52;128958;1;13105;Denia01
33.52;128958;1;13082;Denia01
33.52;128958;1;13082;Denia01
33.52;128958;1;13129;Denia01
33.52;128958;1;13043;Denia01
33.52;128958;1;13051;Denia01
33.52;128958;1;13082;Denia01
33.52;128958;1;13043;Denia01
33.52;128958;1;13121;Denia01
33.52;128958;1;13097;Denia01
33.52;128958;1;13020;Denia01
33.52;128958;1;13013;Denia01
33.52;128958;1;13051;Denia01
33.52;128958;1;13043;Denia01
33.52;128958;1;13051;Denia01
33.52;128958;1;12997;Denia01
33.52;128958;1;13043;Denia01
33.52;128958;1;13067;Denia01
33.52;128958;1;13105;Denia01
33.52;128958;1;13067;Denia01
33.52;128958;1;13059;Denia01
33.52;128958;1;13013;Denia01
33.52;128958;1;12952;Denia01
33.52;128958;1;13005;Denia01
33.52;128958;1;13043;Denia01
33.52;128958;1;13168;Denia01
33.52;128958;1;12990;Denia01
33.52;128958;1;13013;Denia01
33.52;128958;1;13067;Denia01
33.52;128958;1;12982;Denia01
33.52;128958;1;13005;Denia01
33.52;128958;1;13005;Denia01
33.52;128958;1;13097;Denia01
33.52;128958;1;13005;Denia01
33.52;128958;1;13013;Denia01
33.52;128958;1;12974;Denia01
33.52;128958;1;13059;Denia01
33.52;128958;1;13020;Denia01
33.52;128958;1;12959;Denia01
33.52;128958;1;13113;Denia01
33.52;128958;1;13020;Denia01
33.52;128958;1;12952;Denia01
33.52;128958;1;13020;Denia01
33.52;128958;1;12944;Denia01
33.52;128958;1;12967;Denia01
33.52;128958;1;12959;Denia01
33.52;128958;1;13036;Denia01
33.52;128958;1;12997;Denia01
33.52;128958;1;13105;Denia01
33.52;128958;1;13028;Denia01
33.52;128958;1;12944;Denia01
33.52;128958;1;13036;Denia01
33.52;128958;1;12974;Denia01
33.52;128958;1;13051;Denia01
33.52;128958;1;12967;Denia01
33.52;128958;1;12997;Denia01
33.52;128958;1;13036;Denia01
33.52;128958;1;13020;Denia01
33.52;128958;1;12990;Denia01
33.52;128958;1;12952;Denia01
33.52;128958;1;12997;Denia01
33.52;128958;1;12906;Denia01
33.52;128958;1;12990;Denia01
33.52;128958;1;13005;Denia01
33.52;128958;1;12959;Denia01
33.52;128958;1;13020;Denia01
33.52;128958;1;12982;Denia01
33.52;128958;1;12929;Denia01
33.52;128958;1;13005;Denia01
33.52;128958;1;12974;Denia01
33.52;128958;1;12997;Denia01
33.52;128958;1;13020;Denia01
33.52;128958;1;12869;Denia01
33.52;128958;1;12982;Denia01
33.52;128958;1;12937;Denia01
33.52;128958;1;13028;Denia01
33.52;128958;1;12967;Denia01
33.52;128958;1;12990;Denia01
33.52;128958;1;12952;Denia01
33.52;128958;1;13005;Denia01
33.52;128958;1;12921;Denia01
33.52;128958;1;13013;Denia01
33.52;128958;1;12974;Denia01
33.52;128958;1;12891;Denia01
33.52;128958;1;13020;Denia01
33.52;128958;1;12891;Denia01
33.52;128958;1;13005;Denia01
33.52;128958;1;12944;Denia01
33.52;128958;1;13028;Denia01
33.52;128958;1;13005;Denia01
33.52;128958;1;12990;Denia01
33.52;128958;1;12974;Denia01
33.52;128958;1;12891;Denia01
33.52;128958;1;12944;Denia01
33.52;128958;1;13074;Denia01
33.52;128958;1;12982;Denia01
33.52;128958;1;13020;Denia01
33.52;128958;1;12974;Denia01
33.52;128958;1;13036;Denia01
33.52;128958;1;13013;Denia01
33.52;128958;1;13013;Denia01
33.52;128958;1;12982;Denia01
33.52;128958;1;12952;Denia01
33.52;128958;1;12921;Denia01
33.52;128958;1;12997;Denia01
33.52;128958;1;12921;Denia01
33.52;128958;1;12959;Denia01
33.52;128958;1;12990;Denia01
33.52;128958;1;12929;Denia01
33.52;128958;1;12899;Denia01
33.52;128958;1;13028;Denia01
33.52;128958;1;12914;Denia01
33.52;128958;1;12974;Denia01
33.52;128958;1;12944;Denia01
33.52;128958;1;12876;Denia01
33.52;128958;1;12982;Denia01
33.52;128958;1;12944;Denia01
33.52;128958;1;12967;Denia01
33.52;128958;1;13036;Denia01
33.52;128958;1;12967;Denia01
33.52;128958;1;12921;Denia01
33.52;128958;1;12891;Denia01
33.52;128958;1;12921;Denia01
33.52;128958;1;12959;Denia01
33.52;128958;1;12937;Denia01
33.52;128958;1;12944;Denia01
33.52;128958;1;12884;Denia01
33.52;128958;1;12921;Denia01
33.52;128958;1;12952;Denia01
33.52;128958;1;12937;Denia01
33.52;128958;1;12959;Denia01
33.52;128958;1;12982;Denia01
33.52;128958;1;12967;Denia01
33.52;128958;1;13036;Denia01
33.52;128958;1;12854;Denia01
33.52;128958;1;12959;Denia01
33.52;128958;1;12891;Denia01
33.52;128958;1;12891;Denia01
33.52;128958;1;12959;Denia01
33.52;128958;1;12997;Denia01
33.52;128958;1;13013;Denia01
33.52;128958;1;12959;Denia01
33.52;128958;1;12891;Denia01
33.52;128958;1;12929;Denia01
33.52;128958;1;12944;Denia01
33.52;128958;1;12854;Denia01
33.52;128958;1;12982;Denia01
33.52;128958;1;12824;Denia01
33.52;128958;1;12899;Denia01
33.52;128958;1;12974;Denia01
33.52;128958;1;12967;Denia01
33.52;128958;1;12944;Denia01
33.52;128958;1;12974;Denia01
33.52;128958;1;12906;Denia01
33.52;128958;1;12869;Denia01
33.52;128958;1;12952;Denia01
33.52;128958;1;12906;Denia01
33.52;128958;1;12974;Denia01
33.52;128958;1;12869;Denia01
33.52;128958;1;12929;Denia01
33.52;128958;1;12982;Denia01
33.52;128958;1;12921;Denia01
33.52;128958;1;13028;Denia01
33.52;128958;1;13020;Denia01
33.52;128958;1;12929;Denia01
33.52;128958;1;12997;Denia01
33.52;128958;1;12952;Denia01
33.52;128958;1;13005;Denia01
33.52;128958;1;13005;Denia01
33.52;128958;1;13013;Denia01
33.52;128958;1;13005;Denia01
33.52;128958;1;12921;Denia01
33.52;128958;1;13059;Denia01
33.52;128958;1;12921;Denia01
33.52;128958;1;13097;Denia01
33.52;128958;1;13020;Denia01
33.52;128958;1;12929;Denia01
33.52;128958;1;12906;Denia01
33.52;128958;1;12997;Denia01
33.52;128958;1;12884;Denia01
33.52;128958;1;13028;Denia01
33.52;128958;1;12899;Denia01
33.52;128958;1;12997;Denia01
33.52;128958;1;12982;Denia01
33.52;128958;1;12944;Denia01
33.52;128958;1;12959;Denia01
33.52;128958;1;13013;Denia01
33.52;128958;1;12967;Denia01
33.52;128958;1;12876;Denia01
33.52;128958;1;12861;Denia01
33.52;128958;1;12967;Denia01
33.52;128958;1;13036;Denia01
33.52;128958;1;13005;Denia01
33.52;128958;1;12884;Denia01
33.52;128958;1;13005;Denia01
33.52;128958;1;12990;Denia01
33.52;128958;1;12944;Denia01
33.52;128958;1;12944;Denia01
33.52;128958;1;13028;Denia01
33.52;128958;1;12974;Denia01
33.52;128958;1;13005;Denia01
33.52;128958;1;12944;Denia01
33.52;128958;1;12914;Denia01
33.52;128958;1;12944;Denia01
33.52;128958;1;12974;Denia01
33.52;128958;1;12944;Denia01
33.52;128958;1;12906;Denia01
33.52;128958;1;12944;Denia01
33.52;128958;1;12891;Denia01
33.52;128958;1;12854;Denia01
33.52;128958;1;12944;Denia01
33.52;128958;1;12982;Denia01
33.52;128958;1;12846;Denia01
33.52;128958;1;12839;Denia01
33.52;128958;1;12944;Denia01
33.52;128958;1;12937;Denia01
33.52;128958;1;12899;Denia01
33.52;128958;1;12914;Denia01
33.52;128958;1;12884;Denia01
33.52;128958;1;12937;Denia01
33.52;128958;1;12937;Denia01
33.52;128958;1;13036;Denia01
33.52;128958;1;12929;Denia01
33.52;128958;1;12921;Denia01
33.52;128958;1;12869;Denia01
33.52;128958;1;12967;Denia01
33.52;128958;1;12854;Denia01
33.52;128958;1;13043;Denia01
33.52;128958;1;12997;Denia01
33.52;128958;1;12884;Denia01
33.52;128958;1;12929;Denia01
33.52;128958;1;12959;Denia01
33.52;128958;1;13059;Denia02
33.52;128958;1;13082;Denia02
33.52;128958;1;13176;Denia02
33.52;128958;1;13113;Denia02
33.52;128958;1;12982;Denia02
33.52;128958;1;13097;Denia02
33.52;128958;1;13121;Denia02
33.52;128958;1;13051;Denia02
33.52;128958;1;13144;Denia02
33.52;128958;1;12974;Denia02
33.52;128958;1;13067;Denia02
33.52;128958;1;13051;Denia02
33.52;128958;1;12959;Denia02
33.52;128958;1;13067;Denia02
33.52;128958;1;13020;Denia02
33.52;128958;1;13121;Denia02
33.52;128958;1;13067;Denia02
33.52;128958;1;13051;Denia02
33.52;128958;1;13005;Denia02
33.52;128958;1;13043;Denia02
33.52;128958;1;13043;Denia02
33.52;128958;1;13036;Denia02
33.52;128958;1;13005;Denia02
33.52;128958;1;12959;Denia02
33.52;128958;1;13082;Denia02
33.52;128958;1;13082;Denia02
33.52;128958;1;12944;Denia02
33.52;128958;1;13028;Denia02
33.52;128958;1;13043;Denia02
33.52;128958;1;13082;Denia02
33.52;128958;1;12974;Denia02
33.52;128958;1;12944;Denia02
33.52;128958;1;13013;Denia02
33.52;128958;1;13059;Denia02
33.52;128958;1;12944;Denia02
33.52;128958;1;12944;Denia02
33.52;128958;1;12974;Denia02
33.52;128958;1;12937;Denia02
33.52;128958;1;13020;Denia02
33.52;128958;1;12914;Denia02
33.52;128958;1;13013;Denia02
33.52;128958;1;13043;Denia02
33.52;128958;1;12952;Denia02
33.52;128958;1;13121;Denia02
33.52;128958;1;12967;Denia02
33.52;128958;1;13121;Denia02
33.52;128958;1;12997;Denia02
33.52;128958;1;12959;Denia02
33.52;128958;1;13082;Denia02
33.52;128958;1;13051;Denia02
33.52;128958;1;12974;Denia02
33.52;128958;1;13005;Denia02
33.52;128958;1;12952;Denia02
33.52;128958;1;13067;Denia02
33.52;128958;1;13013;Denia02
33.52;128958;1;13082;Denia02
33.52;128958;1;13043;Denia02
33.52;128958;1;13028;Denia02
33.52;128958;1;13036;Denia02
33.52;128958;1;13067;Denia02
33.52;128958;1;12974;Denia02
33.52;128958;1;13082;Denia02
33.52;128958;1;12952;Denia02
33.52;128958;1;12944;Denia02
33.52;128958;1;13043;Denia02
33.52;128958;1;12959;Denia02
33.52;128958;1;13043;Denia02
33.52;128958;1;12997;Denia02
33.52;128958;1;13082;Denia02
33.52;128958;1;13121;Denia02
33.52;128958;1;13036;Denia02
33.52;128958;1;13082;Denia02
33.52;128958;1;13160;Denia02
33.52;128958;1;13074;Denia02
33.52;128958;1;13152;Denia02
33.52;128958;1;13113;Denia02
33.52;128958;1;13183;Denia02
33.52;128958;1;13121;Denia02
33.52;128958;1;13231;Denia02
33.52;128958;1;13152;Denia02
33.52;128958;1;13223;Denia02
33.52;128958;1;13144;Denia02
33.52;128958;1;13199;Denia02
33.52;128958;1;13090;Denia02
33.52;128958;1;13144;Denia02
33.52;128958;1;13144;Denia02
33.52;128958;1;13144;Denia02
33.52;128958;1;13105;Denia02
33.52;128958;1;13168;Denia02
33.52;128958;1;13067;Denia02
33.52;128958;1;13067;Denia02
33.52;128958;1;13067;Denia02
33.52;128958;1;13144;Denia02
33.52;128958;1;13105;Denia02
33.52;128958;1;13082;Denia02
33.52;128958;1;13013;Denia02
33.52;128958;1;13074;Denia02
33.52;128958;1;13051;Denia02
33.52;128958;1;13105;Denia02
33.52;128958;1;13129;Denia02
33.52;128958;1;13082;Denia02
33.52;128958;1;13036;Denia02
33.52;128958;1;13129;Denia02
33.52;128958;1;13097;Denia02
33.52;128958;1;13168;Denia02
33.52;128958;1;13144;Denia02
33.52;128958;1;13082;Denia02
33.52;128958;1;13074;Denia02
33.52;128958;1;13020;Denia02
33.52;128958;1;12982;Denia02
33.52;128958;1;13074;Denia02
33.52;128958;1;13067;Denia02
33.52;128958;1;13129;Denia02
33.52;128958;1;12974;Denia02
33.52;128958;1;13090;Denia02
33.52;128958;1;13097;Denia02
33.52;128958;1;13074;Denia02
33.52;128958;1;12967;Denia02
33.52;128958;1;13113;Denia02
33.52;128958;1;13136;Denia02
33.52;128958;1;13121;Denia02
33.52;128958;1;12982;Denia02
33.52;128958;1;12982;Denia02
33.52;128958;1;13082;Denia02
33.52;128958;1;12974;Denia02
33.52;128958;1;13082;Denia02
33.52;128958;1;13074;Denia02
33.52;128958;1;13152;Denia02
33.52;128958;1;13067;Denia02
33.52;128958;1;13113;Denia02
33.52;128958;1;13168;Denia02
33.52;128958;1;13176;Denia02
33.52;128958;1;13113;Denia02
33.52;128958;1;13121;Denia02
33.52;128958;1;13160;Denia02
33.52;128958;1;13191;Denia02
33.52;128958;1;13129;Denia02
33.52;128958;1;13239;Denia02
33.52;128958;1;13223;Denia02
33.52;128958;1;13176;Denia02
33.52;128958;1;13144;Denia02
33.52;128958;1;13215;Denia02
33.52;128958;1;13207;Denia02
33.52;128958;1;13191;Denia02
33.52;128958;1;13160;Denia02
33.52;128958;1;13215;Denia02
33.52;128958;1;13255;Denia02
33.52;128958;1;13255;Denia02
33.52;128958;1;13294;Denia02
33.52;128958;1;13239;Denia02
33.52;128958;1;13262;Denia02
33.52;128958;1;13286;Denia02
33.52;128958;1;13278;Denia02
33.52;128958;1;13302;Denia02
33.52;128958;1;13286;Denia02
33.52;128958;1;13255;Denia02
33.52;128958;1;13223;Denia02
33.52;128958;1;13231;Denia02
33.52;128958;1;13302;Denia02
33.52;128958;1;13302;Denia02
33.52;128958;1;13183;Denia02
33.52;128958;1;13383;Denia02
33.52;128958;1;13255;Denia02
33.52;128958;1;13270;Denia02
33.52;128958;1;13318;Denia02
33.52;128958;1;13359;Denia02
33.52;128958;1;13278;Denia02
33.52;128958;1;13302;Denia02
33.52;128958;1;13286;Denia02
33.52;128958;1;13359;Denia02
33.52;128958;1;13302;Denia02
33.52;128958;1;13286;Denia02
33.52;128958;1;13302;Denia02
33.52;128958;1;13415;Denia02
33.52;128958;1;13326;Denia02
33.52;128958;1;13318;Denia02
33.52;128958;1;13326;Denia02
33.52;128958;1;13399;Denia02
33.52;128958;1;13383;Denia02
33.52;128958;1;13367;Denia02
33.52;128958;1;13351;Denia02
33.52;128958;1;13391;Denia02
33.52;128958;1;13399;Denia02
33.52;128958;1;13448;Denia02
33.52;128958;1;13318;Denia02
33.52;128958;1;13440;Denia02
33.52;128958;1;13391;Denia02
33.52;128958;1;13247;Denia02
33.52;128958;1;13239;Denia02
33.52;128958;1;13318;Denia02
33.52;128958;1;13207;Denia02
33.52;128958;1;13191;Denia02
33.52;128958;1;13191;Denia02
33.52;128958;1;13144;Denia02
33.52;128958;1;13207;Denia02
33.52;128958;1;13191;Denia02
33.52;128958;1;13136;Denia02
33.52;128958;1;13113;Denia02
33.52;128958;1;13020;Denia02
33.52;128958;1;13105;Denia02
33.52;128958;1;13121;Denia02
33.52;128958;1;13105;Denia02
33.52;128958;1;12891;Denia02
33.52;128958;1;13097;Denia02
33.52;128958;1;12990;Denia02
33.52;128958;1;13043;Denia02
33.52;128958;1;12959;Denia02
33.52;128958;1;13051;Denia02
33.52;128958;1;12967;Denia02
33.52;128958;1;12921;Denia02
33.52;128958;1;13020;Denia02
33.52;128958;1;12952;Denia02
33.52;128958;1;12884;Denia02
33.52;128958;1;13028;Denia02
33.52;128958;1;12921;Denia02
33.52;128958;1;12869;Denia02
33.52;128958;1;12944;Denia02
33.52;128958;1;12937;Denia02
33.52;128958;1;12839;Denia02
33.52;128958;1;12929;Denia02
33.52;128958;1;12944;Denia02
33.52;128958;1;12824;Denia02
33.52;128958;1;12824;Denia02
33.52;128958;1;12906;Denia02
33.52;128958;1;12899;Denia02
33.52;128958;1;12876;Denia02
33.52;128958;1;12891;Denia02
33.52;128958;1;12809;Denia02
33.52;128958;1;12846;Denia02
33.52;128958;1;12817;Denia02
33.52;128958;1;12809;Denia02
33.52;128958;1;12831;Denia02
33.52;128958;1;12743;Denia02
33.52;128958;1;12802;Denia02
33.52;128958;1;12735;Denia02
33.52;128958;1;12765;Denia02
33.52;128958;1;12802;Denia02
33.52;128958;1;12757;Denia02
33.52;128958;1;12794;Denia02
33.52;128958;1;12802;Denia02
33.52;128958;1;12735;Denia02
33.52;128958;1;12772;Denia02
33.52;128958;1;12765;Denia02
33.52;128958;1;12691;Denia02
33.52;128958;1;12713;Denia02
33.52;128958;1;12765;Denia02
33.52;128958;1;12802;Denia02
33.52;128958;1;12809;Denia02
33.52;128958;1;12772;Denia02
33.52;128958;1;12765;Denia02
33.52;128958;1;12691;Denia02
33.52;128958;1;12735;Denia02
33.52;128958;1;12662;Denia02
33.52;128958;1;12699;Denia02
33.52;128958;1;12721;Denia02
33.52;128958;1;12706;Denia02
33.52;128958;1;12706;Denia02
33.52;128958;1;12728;Denia02
33.52;128958;1;12633;Denia02
33.52;128958;1;12684;Denia02
33.52;128958;1;12648;Denia02
33.52;128958;1;12670;Denia02
33.52;128958;1;12662;Denia02
33.52;128958;1;12626;Denia02
33.52;128958;1;12684;Denia02
33.52;128958;1;12597;Denia02
33.52;128958;1;12648;Denia02
33.52;128958;1;12648;Denia02
33.52;128958;1;12619;Denia02
33.52;128958;1;12562;Denia02
33.52;128958;1;12662;Denia02
33.52;128958;1;12612;Denia02
33.52;128958;1;12677;Denia02
33.52;128958;1;12540;Denia02
33.52;128958;1;12427;Denia02
33.52;128958;1;12590;Denia02
33.52;128958;1;12562;Denia02
33.52;128958;1;12519;Denia02
33.52;128958;1;12448;Denia02
33.52;128958;1;12519;Denia02
33.52;128958;1;12393;Denia02
33.52;128958;1;12393;Denia02
33.52;128958;1;12365;Denia02
33.52;128958;1;12441;Denia02
33.52;128958;1;12434;Denia02
33.52;128958;1;12365;Denia02
33.52;128958;1;12351;Denia02
33.52;128958;1;12420;Denia02
33.52;128958;1;12351;Denia02
33.52;128958;1;12269;Denia02
33.52;128958;1;12296;Denia02
33.52;128958;1;12276;Denia02
33.52;128958;1;12228;Denia02
33.52;128958;1;12310;Denia02
33.52;128958;1;12228;Denia02
33.52;128958;1;12282;Denia02
33.52;128958;1;12228;Denia02
33.52;128958;1;12262;Denia02
33.52;128958;1;12235;Denia02
33.52;128958;1;12303;Denia02
33.52;128958;1;12289;Denia02
33.52;128958;1;12255;Denia02
33.52;128958;1;12276;Denia02
33.52;128958;1;12289;Denia02
33.52;128958;1;12351;Denia02
33.52;128958;1;12289;Denia02
33.52;128958;1;12194;Denia02
33.52;128958;1;12282;Denia02
33.52;128958;1;12215;Denia02
33.52;128958;1;12235;Denia02
33.52;128958;1;12208;Denia02
33.52;128958;1;12310;Denia02
33.52;128958;1;12317;Denia02
33.52;128958;1;12303;Denia02
33.52;128958;1;12358;Denia02
33.52;128958;1;12358;Denia02
33.52;128958;1;12289;Denia02
33.52;128958;1;12420;Denia02
33.52;128958;1;12317;Denia02
33.52;128958;1;12317;Denia02
33.52;128958;1;12379;Denia02
33.52;128958;1;12289;Denia02
33.52;128958;1;12289;Denia02
33.52;128958;1;12386;Denia02
33.52;128958;1;12289;Denia02
33.52;128958;1;12351;Denia02
33.52;128958;1;12317;Denia02
33.52;128958;1;12317;Denia02
33.52;128958;1;12330;Denia02
33.52;128958;1;12255;Denia02
33.52;128958;1;12365;Denia02
33.52;128958;1;12324;Denia02
33.52;128958;1;12262;Denia02
33.52;128958;1;12372;Denia02
33.52;128958;1;12407;Denia02
33.52;128958;1;12351;Denia02
33.52;128958;1;12330;Denia02
33.52;128958;1;12344;Denia02
33.52;128958;1;12269;Denia02
33.52;128958;1;12242;Denia02
33.52;128958;1;12248;Denia02
33.52;128958;1;12262;Denia02
33.52;128958;1;12441;Denia02
33.52;128958;1;12344;Denia02
33.52;128958;1;12358;Denia02
33.52;128958;1;12296;Denia02
33.52;128958;1;12324;Denia02
33.52;128958;1;12248;Denia02
33.52;128958;1;12310;Denia02
33.52;128958;1;12365;Denia02
33.52;128958;1;12242;Denia02
33.52;128958;1;12330;Denia02
33.52;128958;1;12276;Denia02
33.52;128958;1;12235;Denia02
33.52;128958;1;12358;Denia02
33.52;128958;1;12337;Denia02
33.52;128958;1;12282;Denia02
33.52;128958;1;12324;Denia02
33.52;128958;1;12215;Denia02
33.52;128958;1;12317;Denia02
33.52;128958;1;12337;Denia02
33.52;128958;1;12235;Denia02
33.52;128958;1;12372;Denia02
33.52;128958;1;12248;Denia02
33.52;128958;1;12372;Denia02
33.52;128958;1;12310;Denia02
33.52;128958;1;12289;Denia02
33.52;128958;1;12276;Denia02
33.52;128958;1;12242;Denia02
33.52;128958;1;12365;Denia02
33.52;128958;1;12255;Denia02
33.52;128958;1;12358;Denia02
33.52;128958;1;12365;Denia02
33.52;128958;1;12407;Denia02
33.52;128958;1;12337;Denia02
33.52;128958;1;12310;Denia02
33.52;128958;1;12393;Denia02
33.52;128958;1;12365;Denia02
33.52;128958;1;12337;Denia02
33.52;128958;1;12386;Denia02
33.52;128958;1;12365;Denia02
33.52;128958;1;12269;Denia02
33.52;128958;1;12393;Denia02
33.52;128958;1;12296;Denia02
33.52;128958;1;12310;Denia02
33.52;128958;1;12441;Denia02
33.52;128958;1;12324;Denia02
33.52;128958;1;12372;Denia02
33.52;128958;1;12393;Denia02
33.52;128958;1;12393;Denia02
33.52;128958;1;12337;Denia02
33.52;128958;1;12441;Denia02
33.52;128958;1;12420;Denia02
33.52;128958;1;12407;Denia02
33.52;128958;1;12441;Denia02
33.52;128958;1;12463;Denia02
33.52;128958;1;12434;Denia02
33.52;128958;1;12386;Denia02
33.52;128958;1;12448;Denia02
33.52;128958;1;12491;Denia02
33.52;128958;1;12379;Denia02
33.52;128958;1;12414;Denia02
33.52;128958;1;12379;Denia02
33.52;128958;1;12512;Denia02
33.52;128958;1;12484;Denia02
33.52;128958;1;12619;Denia02
33.52;128958;1;12576;Denia02
33.52;128958;1;12641;Denia02
33.52;128958;1;12641;Denia02
33.52;128958;1;12626;Denia02
33.52;128958;1;12706;Denia02
33.52;128958;1;12648;Denia02
33.52;128958;1;12713;Denia02
33.52;128958;1;12706;Denia02
33.52;128958;1;12655;Denia02
33.52;128958;1;12612;Denia02
33.52;128958;1;12677;Denia02
33.52;128958;1;12735;Denia02
33.52;128958;1;12684;Denia02
33.52;128958;1;12677;Denia02
33.52;128958;1;12633;Denia02
33.52;128958;1;12648;Denia02
33.52;128958;1;12655;Denia02
33.52;128958;1;12576;Denia02
33.52;128958;1;12569;Denia02
33.52;128958;1;12583;Denia02
33.52;128958;1;12463;Denia02
33.52;128958;1;12540;Denia02
33.52;128958;1;12533;Denia02
33.52;128958;1;12491;Denia02
33.52;128958;1;12505;Denia02
33.52;128958;1;12484;Denia02
33.52;128958;1;12540;Denia02
33.52;128958;1;12540;Denia02
33.52;128958;1;12505;Denia02
33.52;128958;1;12393;Denia02
33.52;128958;1;12562;Denia02
33.52;128958;1;12448;Denia02
33.52;128958;1;12414;Denia02
33.52;128958;1;12455;Denia02
33.52;128958;1;12470;Denia02
33.52;128958;1;12407;Denia02
33.52;128958;1;12526;Denia02
33.52;128958;1;12533;Denia02
33.52;128958;1;12434;Denia02
33.52;128958;1;12498;Denia02
33.52;128958;1;12484;Denia02
33.52;128958;1;12498;Denia02
33.52;128958;1;12519;Denia02
33.52;128958;1;12498;Denia02
33.52;128958;1;12448;Denia02
33.52;128958;1;12477;Denia02
33.52;128958;1;12626;Denia02
33.52;128958;1;12619;Denia02
33.52;128958;1;12626;Denia02
33.52;128958;1;12648;Denia02
33.52;128958;1;12619;Denia02
33.52;128958;1;12641;Denia02
33.52;128958;1;12547;Denia02
33.52;128958;1;12605;Denia02
33.52;128958;1;12641;Denia02
33.52;128958;1;12619;Denia02
33.52;128958;1;12706;Denia02
33.52;128958;1;12684;Denia02
33.52;128958;1;12735;Denia02
33.52;128958;1;12735;Denia02
33.52;128958;1;12633;Denia02
33.52;128958;1;12684;Denia02
33.52;128958;1;12605;Denia02
33.52;128958;1;12605;Denia02
33.52;128958;1;12619;Denia02
33.52;128958;1;12648;Denia02
33.52;128958;1;12619;Denia02
33.52;128958;1;12555;Denia02
33.52;128958;1;12562;Denia02
33.52;128958;1;12605;Denia02
33.52;128958;1;12547;Denia02
33.52;128958;1;12562;Denia02
33.52;128958;1;12547;Denia02
33.52;128958;1;12547;Denia02
33.52;128958;1;12512;Denia02
33.52;128958;1;12434;Denia02
33.52;128958;1;12547;Denia02
33.52;128958;1;12427;Denia02
33.52;128958;1;12505;Denia02
33.52;128958;1;12540;Denia02
33.52;128958;1;12576;Denia02
33.52;128958;1;12562;Denia02
33.52;128958;1;12505;Denia02
33.52;128958;1;12448;Denia02
33.52;128958;1;12590;Denia02
33.52;128958;1;12605;Denia02
33.52;128958;1;12555;Denia02
33.52;128958;1;12576;Denia02
33.52;128958;1;12533;Denia02
33.52;128958;1;12569;Denia02
33.52;128958;1;12684;Denia02
33.52;128958;1;12547;Denia02
33.52;128958;1;12670;Denia02
33.52;128958;1;12641;Denia02
33.52;128958;1;14958;Denia03
33.52;128958;1;14999;Denia03
33.52;128958;1;14671;Denia03
33.52;128958;1;14574;Denia03
33.52;128958;1;14412;Denia03
33.52;128958;1;14209;Denia03
33.52;128958;1;13984;Denia03
33.52;128958;1;13783;Denia03
33.52;128958;1;13630;Denia03
33.52;128958;1;13448;Denia03
33.52;128958;1;13375;Denia03
33.52;128958;1;13367;Denia03
33.52;128958;1;13351;Denia03
33.52;128958;1;13407;Denia03
33.52;128958;1;13605;Denia03
33.52;128958;1;13749;Denia03
33.52;128958;1;13844;Denia03
33.52;128958;1;13957;Denia03
33.52;128958;1;14218;Denia03
33.52;128958;1;14338;Denia03
33.52;128958;1;14516;Denia03
33.52;128958;1;14622;Denia03
33.52;128958;1;14739;Denia03
33.52;128958;1;12029;Denia03
33.52;128958;1;8968;Denia03
33.52;128958;1;7529;Denia03
33.52;128958;1;6097;Denia03
33.52;128958;1;5146;Denia03
33.52;128958;1;4916;Denia03
33.52;128958;1;4705;Denia03
33.52;128958;1;4626;Denia03
33.52;128958;1;4729;Denia03
33.52;128958;1;4863;Denia03
33.52;128958;1;4982;Denia03
33.52;128958;1;5155;Denia03
33.52;128958;1;5239;Denia03
33.52;128958;1;5315;Denia03
33.52;128958;1;5501;Denia03
33.52;128958;1;5683;Denia03
33.52;128958;1;6071;Denia03
33.52;128958;1;6339;Denia03
33.52;128958;1;6593;Denia03
33.52;128958;1;6788;Denia03
33.52;128958;1;7062;Denia03
33.52;128958;1;7257;Denia03
33.52;128958;1;7555;Denia03
33.52;128958;1;7205;Denia03
33.52;128958;1;6585;Denia03
33.52;128958;1;5117;Denia03
33.52;128958;1;4107;Denia03
33.52;128958;1;3618;Denia03
33.52;128958;1;3371;Denia03
33.52;128958;1;3489;Denia03
33.52;128958;1;3698;Denia03
33.52;128958;1;3931;Denia03
33.52;128958;1;4135;Denia03
33.52;128958;1;4351;Denia03
33.52;128958;1;4572;Denia03
33.52;128958;1;4821;Denia03
33.52;128958;1;5065;Denia03
33.52;128958;1;5315;Denia03
33.52;128958;1;5568;Denia03
33.52;128958;1;6071;Denia03
33.52;128958;1;6347;Denia03
33.52;128958;1;6633;Denia03
33.52;128958;1;6959;Denia03
33.52;128958;1;7200;Denia03
33.52;128958;1;7468;Denia03
33.52;128958;1;7741;Denia03
33.52;128958;1;8011;Denia03
33.52;128958;1;8294;Denia03
33.52;128958;1;8544;Denia03
33.52;128958;1;8789;Denia03
33.52;128958;1;9027;Denia03
33.52;128958;1;9215;Denia03
33.52;128958;1;9420;Denia03
33.52;128958;1;9600;Denia03
33.52;128958;1;9823;Denia03
33.52;128958;1;9992;Denia03
33.52;128958;1;10139;Denia03
33.52;128958;1;10319;Denia03
33.52;128958;1;10495;Denia03
33.52;128958;1;7177;Denia03
33.52;128958;1;4938;Denia03
33.52;128958;1;3461;Denia03
33.52;128958;1;2763;Denia03
33.52;128958;1;2443;Denia03
33.52;128958;1;2310;Denia03
33.52;128958;1;2293;Denia03
33.52;128958;1;2360;Denia03
33.52;128958;1;2441;Denia03
33.52;128958;1;2551;Denia03
33.52;128958;1;2667;Denia03
33.52;128958;1;2802;Denia03
33.52;128958;1;3089;Denia03
33.52;128958;1;3212;Denia03
33.52;128958;1;3343;Denia03
33.52;128958;1;3463;Denia03
33.52;128958;1;3555;Denia03
33.52;128958;1;3639;Denia03
33.52;128958;1;3733;Denia03
33.52;128958;1;3830;Denia03
33.52;128958;1;3934;Denia03
33.52;128958;1;4077;Denia03
33.52;128958;1;4151;Denia03
33.52;128958;1;4250;Denia03
33.52;128958;1;4358;Denia03
33.52;128958;1;4457;Denia03
33.52;128958;1;4508;Denia03
33.52;128958;1;4603;Denia03
33.52;128958;1;4673;Denia03
33.52;128958;1;4779;Denia03
33.52;128958;1;4942;Denia03
33.52;128958;1;5070;Denia03
33.52;128958;1;5194;Denia03
33.52;128958;1;5284;Denia03
33.52;128958;1;5430;Denia03
33.52;128958;1;5562;Denia03
33.52;128958;1;5755;Denia03
33.52;128958;1;4770;Denia03
33.52;128958;1;3564;Denia03
33.52;128958;1;3112;Denia03
33.52;128958;1;2609;Denia03
33.52;128958;1;2364;Denia03
33.52;128958;1;2205;Denia03
33.52;128958;1;2225;Denia03
33.52;128958;1;2267;Denia03
33.52;128958;1;2415;Denia03
33.52;128958;1;2617;Denia03
33.52;128958;1;2788;Denia03
33.52;128958;1;3121;Denia03
33.52;128958;1;3273;Denia03
33.52;128958;1;3467;Denia03
33.52;128958;1;3615;Denia03
33.52;128958;1;3759;Denia03
33.52;128958;1;3832;Denia03
33.52;128958;1;3895;Denia03
33.52;128958;1;4023;Denia03
33.52;128958;1;4163;Denia03
33.52;128958;1;4348;Denia03
33.52;128958;1;4530;Denia03
33.52;128958;1;4754;Denia03
33.52;128958;1;4969;Denia03
33.52;128958;1;5155;Denia03
33.52;128958;1;5372;Denia03
33.52;128958;1;5596;Denia03
33.52;128958;1;6018;Denia03
33.52;128958;1;6282;Denia03
33.52;128958;1;6473;Denia03
33.52;128958;1;6705;Denia03
33.52;128958;1;6911;Denia03
33.52;128958;1;7116;Denia03
33.52;128958;1;7329;Denia03
33.52;128958;1;7519;Denia03
33.52;128958;1;7692;Denia03
33.52;128958;1;7806;Denia03
33.52;128958;1;8011;Denia03
33.52;128958;1;8183;Denia03
33.52;128958;1;8256;Denia03
33.52;128958;1;8069;Denia03
33.52;128958;1;6937;Denia03
33.52;128958;1;5719;Denia03
33.52;128958;1;4808;Denia03
33.52;128958;1;4056;Denia03
33.52;128958;1;3476;Denia03
33.52;128958;1;3187;Denia03
33.52;128958;1;3221;Denia03
33.52;128958;1;3411;Denia03
33.52;128958;1;3620;Denia03
33.52;128958;1;3848;Denia03
33.52;128958;1;4086;Denia03
33.52;128958;1;4307;Denia03
33.52;128958;1;4516;Denia03
33.52;128958;1;4721;Denia03
33.52;128958;1;4933;Denia03
33.52;128958;1;5136;Denia03
33.52;128958;1;5325;Denia03
33.52;128958;1;5485;Denia03
33.52;128958;1;5671;Denia03
33.52;128958;1;6131;Denia03
33.52;128958;1;6303;Denia03
33.52;128958;1;6538;Denia03
33.52;128958;1;6693;Denia03
33.52;128958;1;6834;Denia03
33.52;128958;1;6955;Denia03
33.52;128958;1;7071;Denia03
33.52;128958;1;7177;Denia03
33.52;128958;1;7320;Denia03
33.52;128958;1;7388;Denia03
33.52;128958;1;7524;Denia03
33.52;128958;1;7724;Denia03
33.52;128958;1;7964;Denia03
33.52;128958;1;8153;Denia03
33.52;128958;1;8319;Denia03
33.52;128958;1;8401;Denia03
33.52;128958;1;8658;Denia03
33.52;128958;1;8803;Denia03
33.52;128958;1;8924;Denia03
33.52;128958;1;9146;Denia03
33.52;128958;1;9269;Denia03
33.52;128958;1;9388;Denia03
33.52;128958;1;9477;Denia03
33.52;128958;1;9404;Denia03
33.52;128958;1;9356;Denia03
33.52;128958;1;9254;Denia03
33.52;128958;1;9012;Denia03
33.52;128958;1;8810;Denia03
33.52;128958;1;8638;Denia03
33.52;128958;1;8598;Denia03
33.52;128958;1;8571;Denia03
33.52;128958;1;6299;Denia03
33.52;128958;1;4630;Denia03
33.52;128958;1;3800;Denia03
33.52;128958;1;3248;Denia03
33.52;128958;1;3056;Denia03
33.52;128958;1;2954;Denia03
33.52;128958;1;2744;Denia03
33.52;128958;1;2983;Denia03
33.52;128958;1;3212;Denia03
33.52;128958;1;3386;Denia03
33.52;128958;1;3552;Denia03
33.52;128958;1;3698;Denia03
33.52;128958;1;3830;Denia03
33.52;128958;1;3971;Denia03
33.52;128958;1;4092;Denia03
33.52;128958;1;4208;Denia03
33.52;128958;1;4334;Denia03
33.52;128958;1;4479;Denia03
33.52;128958;1;4657;Denia03
33.52;128958;1;4821;Denia03
33.52;128958;1;4946;Denia03
33.52;128958;1;5070;Denia03
33.52;128958;1;5155;Denia03
33.52;128958;1;5279;Denia03
33.52;128958;1;5372;Denia03
33.52;128958;1;5534;Denia03
33.52;128958;1;5701;Denia03
33.52;128958;1;6121;Denia03
33.52;128958;1;6314;Denia03
33.52;128958;1;6523;Denia03
33.52;128958;1;6701;Denia03
33.52;128958;1;6907;Denia03
33.52;128958;1;7126;Denia03
33.52;128958;1;7290;Denia03
33.52;128958;1;7514;Denia03
33.52;128958;1;7687;Denia03
33.52;128958;1;7999;Denia03
33.52;128958;1;8075;Denia03
33.52;128958;1;8275;Denia03
33.52;128958;1;8388;Denia03
33.52;128958;1;8466;Denia03
33.52;128958;1;8505;Denia03
33.52;128958;1;8571;Denia03
33.52;128958;1;8761;Denia03
33.52;128958;1;8932;Denia03
33.52;128958;1;9124;Denia03
33.52;128958;1;9277;Denia03
33.52;128958;1;9316;Denia03
33.52;128958;1;9262;Denia03
33.52;128958;1;9064;Denia03
33.52;128958;1;8768;Denia03
33.52;128958;1;8754;Denia03
33.52;128958;1;8761;Denia03
33.52;128958;1;8917;Denia03
33.52;128958;1;9049;Denia03
33.52;128958;1;9231;Denia03
33.52;128958;1;9169;Denia03
33.52;128958;1;8631;Denia03
33.52;128958;1;8557;Denia03
33.52;128958;1;8538;Denia03
33.52;128958;1;8598;Denia03
33.52;128958;1;8775;Denia03
33.52;128958;1;8953;Denia03
33.52;128958;1;9079;Denia03
33.52;128958;1;6916;Denia03
33.52;128958;1;4017;Denia03
33.52;128958;1;2672;Denia03
33.52;128958;1;2212;Denia03
33.52;128958;1;2038;Denia03
33.52;128958;1;2157;Denia03
33.52;128958;1;2289;Denia03
33.52;128958;1;2501;Denia03
33.52;128958;1;2752;Denia03
33.52;128958;1;3147;Denia03
33.52;128958;1;3373;Denia03
33.52;128958;1;3589;Denia03
33.52;128958;1;3790;Denia03
33.52;128958;1;3991;Denia03
33.52;128958;1;4208;Denia03
33.52;128958;1;4382;Denia03
33.52;128958;1;4557;Denia03
33.52;128958;1;4713;Denia03
33.52;128958;1;4855;Denia03
33.52;128958;1;4982;Denia03
33.52;128958;1;5098;Denia03
33.52;128958;1;5175;Denia03
33.52;128958;1;5249;Denia03
33.52;128958;1;5341;Denia03
33.52;128958;1;5512;Denia03
33.52;128958;1;5579;Denia03
33.52;128958;1;5677;Denia03
33.52;128958;1;5767;Denia03
33.52;128958;1;6087;Denia03
33.52;128958;1;4821;Denia03
33.52;128958;1;3171;Denia03
33.52;128958;1;2320;Denia03
33.52;128958;1;2084;Denia03
33.52;128958;1;2067;Denia03
33.52;128958;1;2245;Denia03
33.52;128958;1;2411;Denia03
33.52;128958;1;2573;Denia03
33.52;128958;1;2733;Denia03
33.52;128958;1;3036;Denia03
33.52;128958;1;3162;Denia03
33.52;128958;1;3248;Denia03
33.52;128958;1;3248;Denia03
33.52;128958;1;3263;Denia03
33.52;128958;1;3277;Denia03
33.52;128958;1;3330;Denia03
33.52;128958;1;3388;Denia03
33.52;128958;1;3443;Denia03
33.52;128958;1;3489;Denia03
33.52;128958;1;3548;Denia03
33.52;128958;1;3601;Denia03
33.52;128958;1;3656;Denia03
33.52;128958;1;3664;Denia03
33.52;128958;1;3656;Denia03
33.52;128958;1;3585;Denia03
33.52;128958;1;3454;Denia03
33.52;128958;1;3300;Denia03
33.52;128958;1;3155;Denia03
33.52;128958;1;3056;Denia03
33.52;128958;1;3034;Denia03
33.52;128958;1;2970;Denia03
33.52;128958;1;2774;Denia03
33.52;128958;1;2739;Denia03
33.52;128958;1;2680;Denia03
33.52;128958;1;2634;Denia03
33.52;128958;1;2627;Denia03
33.52;128958;1;2701;Denia03
33.52;128958;1;3021;Denia03
33.52;128958;1;3308;Denia03
33.52;128958;1;3654;Denia03
33.52;128958;1;3965;Denia03
33.52;128958;1;4290;Denia03
33.52;128958;1;4549;Denia03
33.52;128958;1;4812;Denia03
33.52;128958;1;5042;Denia03
33.52;128958;1;5330;Denia03
33.52;128958;1;5540;Denia03
33.52;128958;1;5725;Denia03
33.52;128958;1;715;Denia03
33.52;128958;1;715;Denia03
33.52;128958;1;715;Denia03
33.52;128958;1;715;Denia03
33.52;128958;1;715;Denia03
33.52;128958;1;715;Denia03
33.52;128958;1;849;Denia03
33.52;128958;1;1004;Denia03
33.52;128958;1;1180;Denia03
33.52;128958;1;1349;Denia03
33.52;128958;1;1583;Denia03
33.52;128958;1;1743;Denia03
33.52;128958;1;1895;Denia03
33.52;128958;1;2056;Denia03
33.52;128958;1;2212;Denia03
33.52;128958;1;2336;Denia03
33.52;128958;1;2467;Denia03
33.52;128958;1;2599;Denia03
33.52;128958;1;2733;Denia03
33.52;128958;1;2991;Denia03
33.52;128958;1;3096;Denia03
33.52;128958;1;1957;Denia03
33.52;128958;1;777;Denia03
33.52;128958;1;715;Denia03
33.52;128958;1;715;Denia03
33.52;128958;1;715;Denia03
33.52;128958;1;760;Denia03
33.52;128958;1;872;Denia03
33.52;128958;1;1011;Denia03
33.52;128958;1;1170;Denia03
33.52;128958;1;1341;Denia03
33.52;128958;1;1565;Denia03
33.52;128958;1;1738;Denia03
33.52;128958;1;1899;Denia03
33.52;128958;1;2038;Denia03
33.52;128958;1;2195;Denia03
33.52;128958;1;2336;Denia03
33.52;128958;1;2465;Denia03
33.52;128958;1;2568;Denia03
33.52;128958;1;2672;Denia03
33.52;128958;1;2763;Denia03
33.52;128958;1;3006;Denia03
33.52;128958;1;3101;Denia03
33.52;128958;1;3219;Denia03
33.52;128958;1;3339;Denia03
33.52;128958;1;3437;Denia03
33.52;128958;1;3561;Denia03
33.52;128958;1;3661;Denia03
33.52;128958;1;3767;Denia03
33.52;128958;1;3889;Denia03
33.52;128958;1;3997;Denia03
33.52;128958;1;4065;Denia03
33.52;128958;1;4154;Denia03
33.52;128958;1;4198;Denia03
33.52;128958;1;4237;Denia03
33.52;128958;1;1909;Denia03
33.52;128958;1;1365;Denia03
33.52;128958;1;1530;Denia03
33.52;128958;1;1665;Denia03
33.52;128958;1;1821;Denia03
33.52;128958;1;1965;Denia03
33.52;128958;1;2137;Denia03
33.52;128958;1;2259;Denia03
33.52;128958;1;2306;Denia03
33.52;128958;1;2344;Denia03
33.52;128958;1;2403;Denia03
33.52;128958;1;2582;Denia03
33.52;128958;1;2777;Denia03
33.52;128958;1;3117;Denia03
33.52;128958;1;3314;Denia03
33.52;128958;1;3498;Denia03
33.52;128958;1;3661;Denia03
33.52;128958;1;3790;Denia03
33.52;128958;1;3906;Denia03
33.52;128958;1;4038;Denia03
33.52;128958;1;4192;Denia03
33.52;128958;1;4320;Denia03
33.52;128958;1;4410;Denia03
33.52;128958;1;4534;Denia03
33.52;128958;1;4665;Denia03
33.52;128958;1;4758;Denia03
33.52;128958;1;2370;Denia03
33.52;128958;1;910;Denia03
33.52;128958;1;792;Denia03
33.52;128958;1;870;Denia03
33.52;128958;1;992;Denia03
33.52;128958;1;1158;Denia03
33.52;128958;1;1323;Denia03
33.52;128958;1;1546;Denia03
33.52;128958;1;1720;Denia03
33.52;128958;1;1898;Denia03
33.52;128958;1;2032;Denia03
33.52;128958;1;2124;Denia03
33.52;128958;1;2207;Denia03
33.52;128958;1;2310;Denia03
33.52;128958;1;2447;Denia03
33.52;128958;1;2582;Denia03
33.52;128958;1;2741;Denia03
33.52;128958;1;3055;Denia03
33.52;128958;1;3238;Denia03
33.52;128958;1;3388;Denia03
33.52;128958;1;3543;Denia03
33.52;128958;1;3681;Denia03
33.52;128958;1;3800;Denia03
33.52;128958;1;3925;Denia03
33.52;128958;1;4062;Denia03
33.52;128958;1;4023;Denia03
33.52;128958;1;3892;Denia03
33.52;128958;1;3886;Denia03
33.52;128958;1;3956;Denia03
33.52;128958;1;4002;Denia03
33.52;128958;1;4050;Denia03
33.52;128958;1;4107;Denia03
33.52;128958;1;4157;Denia03
33.52;128958;1;4189;Denia03
33.52;128958;1;1720;Denia03
33.52;128958;1;1143;Denia03
33.52;128958;1;1064;Denia03
33.52;128958;1;928;Denia03
33.52;128958;1;874;Denia03
33.52;128958;1;995;Denia03
33.52;128958;1;1136;Denia03
33.52;128958;1;1277;Denia03
33.52;128958;1;1425;Denia03
33.52;128958;1;1622;Denia03
33.52;128958;1;1729;Denia03
33.52;128958;1;1825;Denia03
33.52;128958;1;1904;Denia03
33.52;128958;1;1983;Denia03
33.52;128958;1;2062;Denia03
33.52;128958;1;2150;Denia03
33.52;128958;1;2263;Denia03
33.52;128958;1;2382;Denia03
33.52;128958;1;2501;Denia03
33.52;128958;1;2570;Denia03
33.52;128958;1;2642;Denia03
33.52;128958;1;2680;Denia03
33.52;128958;1;2725;Denia03
33.52;128958;1;2747;Denia03
33.52;128958;1;2771;Denia03
33.52;128958;1;2808;Denia03
33.52;128958;1;2983;Denia03
33.52;128958;1;3055;Denia03
33.52;128958;1;3124;Denia03
33.52;128958;1;3215;Denia03
33.52;128958;1;3291;Denia03
33.52;128958;1;3359;Denia03
33.52;128958;1;3441;Denia03
33.52;128958;1;3543;Denia03
35.95;128935;1;5336;Denia04
35.95;128935;1;5351;Denia04
35.95;128933;1;5351;Denia04
35.95;128936;1;5351;Denia04
35.95;128936;1;5351;Denia04
35.95;128936;1;5336;Denia04
35.95;128934;1;5336;Denia04
35.95;128932;1;5336;Denia04
35.95;128933;1;5336;Denia04
35.95;128933;1;5346;Denia04
35.95;128934;1;5346;Denia04
35.95;128934;1;5346;Denia04
35.95;128932;1;5346;Denia04
35.95;128932;1;5325;Denia04
35.95;128936;1;5325;Denia04
35.95;128932;1;5325;Denia04
35.95;128933;1;5325;Denia04
35.94;128933;1;5325;Denia04
35.94;128933;1;5367;Denia04
35.94;128934;1;5367;Denia04
35.94;128935;1;5367;Denia04
35.94;128934;1;5367;Denia04
35.94;128934;1;5398;Denia04
35.94;128934;1;5398;Denia04
35.94;128933;1;5398;Denia04
35.94;128936;1;5398;Denia04
35.94;128936;1;5377;Denia04
35.94;128936;1;5377;Denia04
35.94;128938;1;5377;Denia04
35.94;128935;1;5377;Denia04
35.94;128935;1;5398;Denia04
35.94;128936;1;5398;Denia04
35.94;128936;1;5398;Denia04
35.94;128936;1;5398;Denia04
35.96;128936;1;5398;Denia04
35.96;128936;1;5383;Denia04
35.96;128934;1;5383;Denia04
35.96;128935;1;5383;Denia04
35.96;128939;1;5383;Denia04
35.96;128939;1;5383;Denia04
35.96;128939;1;5383;Denia04
35.96;128940;1;5383;Denia04
35.96;128938;1;5383;Denia04
35.96;128938;1;5377;Denia04
35.96;128940;1;5377;Denia04
35.96;128940;1;5377;Denia04
35.96;128940;1;5377;Denia04
35.96;128940;1;5362;Denia04
35.96;128940;1;5362;Denia04
35.96;128941;1;5362;Denia04
35.96;128940;1;5362;Denia04
36.03;128940;1;5362;Denia04
36.03;128940;1;5383;Denia04
36.03;128939;1;5383;Denia04
36.03;128937;1;5383;Denia04
36.03;128937;1;5383;Denia04
36.03;128937;1;5377;Denia04
36.03;128939;1;5377;Denia04
36.03;128936;1;5377;Denia04
36.03;128938;1;5377;Denia04
36.03;128938;1;5362;Denia04
36.03;128940;1;5362;Denia04
36.03;128937;1;5362;Denia04
36.03;128939;1;5362;Denia04
36.03;128939;1;5362;Denia04
36.03;128939;1;5362;Denia04
36.03;128939;1;5362;Denia04
36.03;128941;1;5362;Denia04
36.06;128941;1;5362;Denia04
36.06;128941;1;5398;Denia04
36.06;128941;1;5398;Denia04
36.06;128941;1;5398;Denia04
36.06;128940;1;5398;Denia04
36.06;128940;1;5336;Denia04
36.06;128938;1;5336;Denia04
36.06;128939;1;5336;Denia04
36.06;128937;1;5336;Denia04
36.06;128937;1;5377;Denia04
36.06;128939;1;5377;Denia04
36.06;128937;1;5377;Denia04
36.06;128939;1;5377;Denia04
36.06;128939;1;5367;Denia04
36.06;128940;1;5367;Denia04
36.06;128942;1;5367;Denia04
36.06;128940;1;5367;Denia04
36.11;128940;1;5367;Denia04
36.11;128940;1;5356;Denia04
36.11;128939;1;5356;Denia04
36.11;128942;1;5356;Denia04
36.11;128940;1;5356;Denia04
36.11;128940;1;5367;Denia04
36.11;128940;1;5367;Denia04
36.11;128940;1;5367;Denia04
36.11;128942;1;5367;Denia04
36.11;128942;1;5377;Denia04
36.11;128939;1;5377;Denia04
36.11;128940;1;5377;Denia04
36.11;128942;1;5377;Denia04
36.11;128942;1;5377;Denia04
36.11;128938;1;5377;Denia04
36.11;128940;1;5377;Denia04
36.11;128940;1;5377;Denia04
36.13;128940;1;5377;Denia04
36.13;128940;1;5362;Denia04
36.13;128939;1;5362;Denia04
36.13;128940;1;5362;Denia04
36.13;128940;1;5362;Denia04
36.13;128940;1;5351;Denia04
36.13;128938;1;5351;Denia04
36.13;128941;1;5351;Denia04
36.13;128940;1;5351;Denia04
36.13;128940;1;5372;Denia04
36.13;128939;1;5372;Denia04
36.13;128939;1;5372;Denia04
36.13;128940;1;5372;Denia04
36.13;128940;1;5367;Denia04
36.13;128941;1;5367;Denia04
36.13;128939;1;5367;Denia04
36.13;128940;1;5367;Denia04
36.14;128940;1;5367;Denia04
36.14;128940;1;5383;Denia04
36.14;128939;1;5383;Denia04
36.14;128942;1;5383;Denia04
36.14;128940;1;5383;Denia04
36.14;128940;1;5367;Denia04
36.14;128942;1;5367;Denia04
36.14;128942;1;5367;Denia04
36.14;128943;1;5367;Denia04
36.14;128943;1;5383;Denia04
36.14;128943;1;5383;Denia04
36.14;128941;1;5383;Denia04
36.14;128946;1;5383;Denia04
36.14;128946;1;5404;Denia04
36.14;128944;1;5404;Denia04
36.14;128944;1;5404;Denia04
36.14;128943;1;5404;Denia04
36.18;128943;1;5404;Denia04
36.18;128943;1;5383;Denia04
36.18;128944;1;5383;Denia04
36.18;128948;1;5383;Denia04
36.18;128947;1;5383;Denia04
36.18;128947;1;5372;Denia04
36.18;128944;1;5372;Denia04
36.18;128944;1;5372;Denia04
36.18;128945;1;5372;Denia04
36.18;128945;1;5372;Denia04
36.18;128943;1;5372;Denia04
36.18;128946;1;5372;Denia04
36.18;128944;1;5372;Denia04
36.18;128944;1;5341;Denia04
36.18;128943;1;5341;Denia04
36.18;128944;1;5341;Denia04
36.18;128945;1;5341;Denia04
36.25;128945;1;5341;Denia04
36.25;128945;1;5346;Denia04
36.25;128946;1;5346;Denia04
36.25;128943;1;5346;Denia04
36.25;128944;1;5346;Denia04
36.25;128944;1;5367;Denia04
36.25;128946;1;5367;Denia04
36.25;128947;1;5367;Denia04
36.25;128948;1;5367;Denia04
36.25;128948;1;5356;Denia04
36.25;128946;1;5356;Denia04
36.25;128949;1;5356;Denia04
36.25;128950;1;5356;Denia04
36.25;128950;1;5356;Denia04
36.25;128949;1;5356;Denia04
36.25;128951;1;5356;Denia04
36.25;128952;1;5356;Denia04
36.32;128952;1;5356;Denia04
36.32;128952;1;5341;Denia04
36.32;128950;1;5341;Denia04
36.32;128952;1;5341;Denia04
36.32;128950;1;5341;Denia04
36.32;128950;1;5320;Denia04
36.32;128950;1;5320;Denia04
36.32;128948;1;5320;Denia04
36.32;128952;1;5320;Denia04
36.32;128952;1;5320;Denia04
36.32;128950;1;5320;Denia04
36.32;128948;1;5320;Denia04
36.32;128946;1;5320;Denia04
36.32;128946;1;5346;Denia04
36.32;128947;1;5346;Denia04
36.32;128946;1;5346;Denia04
36.32;128947;1;5346;Denia04
36.38;128947;1;5346;Denia04
36.38;128947;1;5346;Denia04
36.38;128948;1;5346;Denia04
36.38;128947;1;5346;Denia04
36.38;128945;1;5346;Denia04
36.38;128945;1;5351;Denia04
36.38;128945;1;5351;Denia04
36.38;128946;1;5351;Denia04
36.38;128945;1;5351;Denia04
36.38;128945;1;5372;Denia04
36.38;128943;1;5372;Denia04
36.38;128946;1;5372;Denia04
36.38;128946;1;5372;Denia04
36.38;128946;1;5367;Denia04
36.38;128943;1;5367;Denia04
36.38;128946;1;5367;Denia04
36.38;128943;1;5367;Denia04
36.31;128943;1;5367;Denia04
36.31;128943;1;5404;Denia04
36.31;128945;1;5404;Denia04
36.31;128944;1;5404;Denia04
36.31;128943;1;5404;Denia04
36.31;128943;1;5393;Denia04
36.31;128947;1;5393;Denia04
36.31;128941;1;5393;Denia04
36.31;128943;1;5393;Denia04
36.31;128943;1;5367;Denia04
36.31;128944;1;5367;Denia04
36.31;128944;1;5367;Denia04
36.31;128941;1;5367;Denia04
36.31;128941;1;5367;Denia04
36.31;128943;1;5367;Denia04
36.31;128942;1;5367;Denia04
36.31;128943;1;5367;Denia04
36.28;128943;1;5367;Denia04
36.28;128943;1;5420;Denia04
36.28;128940;1;5420;Denia04
36.28;128942;1;5420;Denia04
36.28;128942;1;5420;Denia04
36.28;128942;1;5409;Denia04
36.28;128941;1;5409;Denia04
36.28;128940;1;5409;Denia04
36.28;128943;1;5409;Denia04
36.28;128943;1;5425;Denia04
36.28;128944;1;5425;Denia04
36.28;128939;1;5425;Denia04
36.28;128938;1;5425;Denia04
36.28;128938;1;5414;Denia04
36.28;128941;1;5414;Denia04
36.28;128938;1;5414;Denia04
36.28;128940;1;5414;Denia04
36.25;128940;1;5414;Denia04
36.25;128940;1;5430;Denia04
36.25;128939;1;5430;Denia04
36.25;128938;1;5430;Denia04
36.25;128939;1;5430;Denia04
36.25;128939;1;5468;Denia04
36.25;128940;1;5468;Denia04
36.25;128940;1;5468;Denia04
36.25;128939;1;5468;Denia04
36.25;128939;1;5420;Denia04
36.25;128940;1;5420;Denia04
36.25;128938;1;5420;Denia04
36.25;128939;1;5420;Denia04
36.25;128939;1;5452;Denia04
36.25;128938;1;5452;Denia04
36.25;128938;1;5452;Denia04
36.25;128938;1;5452;Denia04
36.24;128938;1;5452;Denia04
36.24;128938;1;5485;Denia04
36.24;128939;1;5485;Denia04
36.24;128939;1;5485;Denia04
36.24;128935;1;5485;Denia04
36.24;128935;1;5474;Denia04
36.24;128936;1;5474;Denia04
36.24;128937;1;5474;Denia04
36.24;128938;1;5474;Denia04
36.24;128938;1;5474;Denia04
36.24;128940;1;5474;Denia04
36.24;128938;1;5474;Denia04
36.24;128941;1;5474;Denia04
36.24;128941;1;5468;Denia04
36.24;128939;1;5468;Denia04
36.24;128940;1;5468;Denia04
36.24;128939;1;5468;Denia04
36.24;128939;1;5496;Denia04
36.24;128939;1;5496;Denia04
36.24;128937;1;5496;Denia04
36.24;128939;1;5496;Denia04
36.24;128939;1;5479;Denia04
36.24;128940;1;5479;Denia04
36.24;128941;1;5479;Denia04
36.24;128940;1;5479;Denia04
36.24;128940;1;5496;Denia04
36.24;128942;1;5496;Denia04
36.24;128940;1;5496;Denia04
36.24;128941;1;5496;Denia04
36.24;128941;1;5485;Denia04
36.24;128940;1;5485;Denia04
36.24;128940;1;5485;Denia04
36.24;128940;1;5485;Denia04
36.29;128940;1;5485;Denia04
36.29;128940;1;5501;Denia04
36.29;128938;1;5501;Denia04
36.29;128940;1;5501;Denia04
36.29;128937;1;5501;Denia04
36.29;128937;1;5501;Denia04
36.29;128938;1;5501;Denia04
36.29;128939;1;5501;Denia04
36.29;128938;1;5501;Denia04
36.29;128938;1;5518;Denia04
36.29;128938;1;5518;Denia04
36.29;128940;1;5518;Denia04
36.29;128938;1;5518;Denia04
36.29;128938;1;5518;Denia04
36.29;128937;1;5518;Denia04
36.29;128938;1;5518;Denia04
36.29;128940;1;5518;Denia04
36.29;128940;1;5540;Denia04
36.29;128938;1;5540;Denia04
36.29;128937;1;5540;Denia04
36.29;128936;1;5540;Denia04
36.29;128936;1;5518;Denia04
36.29;128938;1;5518;Denia04
36.29;128937;1;5518;Denia04
36.29;128935;1;5518;Denia04
36.29;128935;1;5540;Denia04
36.29;128935;1;5540;Denia04
36.29;128937;1;5540;Denia04
36.29;128937;1;5540;Denia04
36.29;128937;1;5568;Denia04
36.29;128939;1;5568;Denia04
36.29;128936;1;5568;Denia04
36.29;128938;1;5568;Denia04
36.27;128938;1;5568;Denia04
36.27;128938;1;5568;Denia04
36.27;128939;1;5568;Denia04
36.27;128936;1;5568;Denia04
36.27;128936;1;5568;Denia04
36.27;128936;1;5540;Denia04
36.27;128939;1;5540;Denia04
36.27;128938;1;5540;Denia04
36.27;128939;1;5540;Denia04
36.27;128939;1;5546;Denia04
36.27;128938;1;5546;Denia04
36.27;128939;1;5546;Denia04
36.27;128938;1;5546;Denia04
36.27;128938;1;5534;Denia04
36.27;128941;1;5534;Denia04
36.27;128937;1;5534;Denia04
36.27;128938;1;5534;Denia04
36.33;128938;1;5534;Denia04
36.33;128938;1;5562;Denia04
36.33;128940;1;5562;Denia04
36.33;128937;1;5562;Denia04
36.33;128939;1;5562;Denia04
36.33;128939;1;5551;Denia04
36.33;128937;1;5551;Denia04
36.33;128936;1;5551;Denia04
36.33;128941;1;5551;Denia04
36.33;128941;1;5523;Denia04
36.33;128942;1;5523;Denia04
36.33;128940;1;5523;Denia04
36.33;128942;1;5523;Denia04
36.33;128942;1;5568;Denia04
36.33;128942;1;5568;Denia04
36.33;128941;1;5568;Denia04
36.33;128941;1;5568;Denia04
36.38;128941;1;5568;Denia04
36.38;128941;1;5574;Denia04
36.38;128941;1;5574;Denia04
36.38;128940;1;5574;Denia04
36.38;128939;1;5574;Denia04
36.38;128939;1;5540;Denia04
36.38;128939;1;5540;Denia04
36.38;128941;1;5540;Denia04
36.38;128942;1;5540;Denia04
36.38;128942;1;5540;Denia04
36.38;128943;1;5540;Denia04
36.38;128940;1;5540;Denia04
36.38;128940;1;5540;Denia04
36.38;128940;1;5534;Denia04
36.38;128941;1;5534;Denia04
36.38;128943;1;5534;Denia04
36.38;128940;1;5534;Denia04
36.43;128940;1;5534;Denia04
36.43;128940;1;5551;Denia04
36.43;128942;1;5551;Denia04
36.43;128941;1;5551;Denia04
36.43;128940;1;5551;Denia04
36.43;128940;1;5562;Denia04
36.43;128940;1;5562;Denia04
36.43;128942;1;5562;Denia04
36.43;128941;1;5562;Denia04
36.43;128941;1;5518;Denia04
36.43;128942;1;5518;Denia04
36.43;128938;1;5518;Denia04
36.43;128941;1;5518;Denia04
36.43;128941;1;5512;Denia04
36.43;128940;1;5512;Denia04
36.43;128943;1;5512;Denia04
36.43;128941;1;5512;Denia04
36.46;128941;1;5512;Denia04
36.46;128941;1;5562;Denia04
36.46;128942;1;5562;Denia04
36.46;128940;1;5562;Denia04
36.46;128940;1;5562;Denia04
36.46;128940;1;5557;Denia04
36.46;128941;1;5557;Denia04
36.46;128942;1;5557;Denia04
36.46;128940;1;5557;Denia04
36.46;128940;1;5551;Denia04
36.46;128940;1;5551;Denia04
36.46;128939;1;5551;Denia04
36.46;128940;1;5551;Denia04
36.46;128940;1;5568;Denia04
36.46;128939;1;5568;Denia04
36.46;128940;1;5568;Denia04
36.46;128937;1;5568;Denia04
36.46;128937;1;5540;Denia04
36.46;128938;1;5540;Denia04
36.46;128941;1;5540;Denia04
36.46;128940;1;5540;Denia04
36.46;128940;1;5523;Denia04
36.46;128940;1;5523;Denia04
36.46;128941;1;5523;Denia04
36.46;128940;1;5523;Denia04
36.46;128940;1;5591;Denia04
36.46;128944;1;5591;Denia04
36.46;128939;1;5591;Denia04
36.46;128940;1;5591;Denia04
36.46;128940;1;5591;Denia04
36.46;128940;1;5591;Denia04
36.46;128943;1;5591;Denia04
36.46;128939;1;5591;Denia04
36.480000000000004;128939;1;5591;Denia04
36.480000000000004;128939;1;5574;Denia04
36.480000000000004;128942;1;5574;Denia04
36.480000000000004;128941;1;5574;Denia04
36.480000000000004;128939;1;5574;Denia04
36.480000000000004;128939;1;5585;Denia04
36.480000000000004;128942;1;5585;Denia04
36.480000000000004;128939;1;5585;Denia04
36.480000000000004;128941;1;5585;Denia04
36.480000000000004;128941;1;5574;Denia04
36.480000000000004;128940;1;5574;Denia04
36.480000000000004;128941;1;5574;Denia04
36.480000000000004;128944;1;5574;Denia04
36.480000000000004;128944;1;5562;Denia04
36.480000000000004;128941;1;5562;Denia04
36.480000000000004;128943;1;5562;Denia04
36.480000000000004;128944;1;5562;Denia04
36.51;128944;1;5562;Denia04
36.51;128944;1;5574;Denia04
36.51;128944;1;5574;Denia04
36.51;128945;1;5574;Denia04
36.51;128941;1;5574;Denia04
36.51;128941;1;5568;Denia04
36.51;128945;1;5568;Denia04
36.51;128942;1;5568;Denia04
36.51;128945;1;5568;Denia04
36.51;128945;1;5568;Denia04
36.51;128943;1;5568;Denia04
36.51;128943;1;5568;Denia04
36.51;128943;1;5568;Denia04
36.51;128943;1;5546;Denia04
36.51;128946;1;5546;Denia04
36.51;128945;1;5546;Denia04
36.51;128945;1;5546;Denia04
36.57;128945;1;5546;Denia04
36.57;128945;1;5551;Denia04
36.57;128944;1;5551;Denia04
36.57;128946;1;5551;Denia04
36.57;128945;1;5551;Denia04
36.57;128945;1;5534;Denia04
36.57;128948;1;5534;Denia04
36.57;128945;1;5534;Denia04
36.57;128947;1;5534;Denia04
36.57;128947;1;5551;Denia04
36.57;128944;1;5551;Denia04
36.57;128945;1;5551;Denia04
36.57;128946;1;5551;Denia04
36.57;128946;1;5557;Denia04
36.57;128944;1;5557;Denia04
36.57;128944;1;5557;Denia04
36.57;128945;1;5557;Denia04
36.61;128945;1;5557;Denia04
36.61;128945;1;5562;Denia04
36.61;128946;1;5562;Denia04
36.61;128944;1;5562;Denia04
36.61;128945;1;5562;Denia04
36.61;128945;1;5540;Denia04
36.61;128946;1;5540;Denia04
36.61;128947;1;5540;Denia04
36.61;128946;1;5540;Denia04
36.61;128946;1;5529;Denia04
36.61;128944;1;5529;Denia04
36.61;128944;1;5529;Denia04
36.61;128948;1;5529;Denia04
36.61;128947;1;5529;Denia04
36.61;128947;1;5568;Denia04
36.61;128948;1;5568;Denia04
36.61;128945;1;5568;Denia04
36.61;128943;1;5568;Denia04
36.62;128943;1;5568;Denia04
36.62;128943;1;5529;Denia04
36.62;128946;1;5529;Denia04
36.62;128945;1;5529;Denia04
36.62;128947;1;5529;Denia04
36.62;128947;1;5551;Denia04
36.62;128947;1;5551;Denia04
36.62;128945;1;5551;Denia04
36.62;128948;1;5551;Denia04
